Event,Type,Begin Date,End Date,CPI-Adjusted Cost
Southern/Eastern/Northwestern Drought and Heat Wave2024,Drought,01-Jan-24,31-Dec-24,5.4
Hurricane MiltonOctober 2024,Tropical Cyclone,09-Oct-24,10-Oct-24,34.3
Hurricane HeleneSeptember 2024,Tropical Cyclone,24-Sep-24,29-Sep-24,78.7
Hurricane FrancineSeptember 2024,Tropical Cyclone,11-Sep-24,12-Sep-24,1.3
Hurricane DebbyAugust 2024,Tropical Cyclone,05-Aug-24,09-Aug-24,2.5
Central and Eastern Tornado Outbreak and Severe WeatherJuly 2024,Severe Storm,13-Jul-24,16-Jul-24,2.4
Hurricane BerylJuly 2024,Tropical Cyclone,08-Jul-24,08-Jul-24,7.2
New Mexico WildfiresJune 2024,Wildfire,17-Jun-24,07-Jul-24,1.8
Central and Northeast Severe WeatherJune 2024,Severe Storm,24-Jun-24,26-Jun-24,1.7
Upper Midwest FloodingJune 2024,Flooding,16-Jun-24,23-Jun-24,1.1
Central and Eastern Severe WeatherJune 2024,Severe Storm,12-Jun-24,14-Jun-24,1.2
Colorado Hail Storms and Southern Severe WeatherMay 2024,Severe Storm,31-May-24,01-Jun-24,3
Texas Hail StormsMay 2024,Severe Storm,27-May-24,28-May-24,2.3
Central Tornado OutbreakMay 2024,Severe Storm,25-May-24,26-May-24,3.5
"Central, Southern, Eastern Severe WeatherMay 2024",Severe Storm,18-May-24,22-May-24,4.9
Southern DerechoMay 2024,Severe Storm,16-May-24,17-May-24,1.6
Southern Severe WeatherMay 2024,Severe Storm,11-May-24,13-May-24,1.1
"Central, Southern, Southeastern Tornado OutbreakMay 2024",Severe Storm,06-May-24,09-May-24,6.6
Central and Southern Tornado OutbreakApril 2024,Severe Storm,26-Apr-24,28-Apr-24,1.7
Southern and Eastern Severe WeatherApril 2024,Severe Storm,08-Apr-24,11-Apr-24,2.7
Central Tornado Outbreak and Eastern Severe WeatherApril 2024,Severe Storm,01-Apr-24,03-Apr-24,2.5
Central and Southern Severe WeatherMarch 2024,Severe Storm,12-Mar-24,14-Mar-24,6.2
Central and Eastern Severe WeatherFebruary 2024,Severe Storm,27-Feb-24,28-Feb-24,1.5
Southern Severe WeatherFebruary 2024,Severe Storm,10-Feb-24,12-Feb-24,1.1
"Central, Southern, Northeastern Winter Storm and Cold WaveJanuary 2024",Winter Storm,14-Jan-24,18-Jan-24,1.9
Northwest Winter StormJanuary 2024,Winter Storm,12-Jan-24,14-Jan-24,1.7
Southern Tornado Outbreak and East Coast StormJanuary 2024,Severe Storm,08-Jan-24,10-Jan-24,2.8
East Coast Storm and FloodingDecember 2023,Flooding,16-Dec-23,18-Dec-23,1.3
Southern/Midwestern Drought and HeatwaveSpring-Fall 2023,Drought,01-Apr-23,30-Sep-23,14.8
Southern Hail StormsSeptember 2023,Severe Storm,23-Sep-23,24-Sep-23,1.7
Hurricane IdaliaAugust 2023,Tropical Cyclone,29-Aug-23,31-Aug-23,3.6
Minnesota Hail StormsAugust 2023,Severe Storm,11-Aug-23,11-Aug-23,1.8
Hawaii FirestormAugust 2023,Wildfire,08-Aug-23,08-Aug-23,5.7
Northeastern and Eastern Severe WeatherAugust 2023,Severe Storm,05-Aug-23,08-Aug-23,1.7
North Central and Eastern Severe WeatherJuly 2023,Severe Storm,28-Jul-23,29-Jul-23,1.5
North Central and Southeastern Severe WeatherJuly 2023,Severe Storm,19-Jul-23,21-Jul-23,1.9
Northeastern Flooding and North Central Severe WeatherJuly 2023,Flooding,09-Jul-23,15-Jul-23,2.2
Central Severe WeatherJune 2023,Severe Storm,28-Jun-23,02-Jul-23,2
Rockies Hail Storms and Central and Eastern Severe WeatherJune 2023,Severe Storm,21-Jun-23,26-Jun-23,5.5
Central and Southern Severe WeatherJune 2023,Severe Storm,15-Jun-23,18-Jun-23,3.9
Southern Severe WeatherJune 2023,Severe Storm,11-Jun-23,14-Jun-23,4.2
Typhoon MawarMay 2023,Tropical Cyclone,24-May-23,25-May-23,4.4
Texas Hail StormsMay 2023,Severe Storm,18-May-23,19-May-23,1.7
Central and Eastern Tornadoes and Hail StormsMay 2023,Severe Storm,10-May-23,12-May-23,3.6
Central Severe WeatherMay 2023,Severe Storm,06-May-23,08-May-23,2.2
Southern Severe WeatherApril 2023,Severe Storm,25-Apr-23,27-Apr-23,1.4
Central Severe WeatherApril 2023,Severe Storm,19-Apr-23,20-Apr-23,3.1
Central and Southern Severe WeatherApril 2023,Severe Storm,15-Apr-23,15-Apr-23,1.4
Fort Lauderdale Flash FloodApril 2023,Flooding,12-Apr-23,13-Apr-23,1.1
Central and Eastern Severe WeatherApril 2023,Severe Storm,04-Apr-23,06-Apr-23,3
Central Tornado Outbreak and Eastern Severe WeatherMarch 2023,Severe Storm,31-Mar-23,01-Apr-23,5.9
Southern and Eastern Severe WeatherApril 2023,Severe Storm,24-Mar-23,26-Mar-23,3
California FloodingDecember 2022 - March 2023,Flooding,26-Dec-22,19-Mar-23,4.7
Southern and Eastern Severe WeatherMarch 2023,Severe Storm,02-Mar-23,03-Mar-23,6.2
Northeastern Winter Storm/Cold WaveFebruary 2023,Winter Storm,02-Feb-23,05-Feb-23,1.8
Western/Central Drought and Heat Wave2022,Drought,01-Jan-22,31-Dec-22,23.5
Central and Eastern Winter Storm and Cold WaveDecember 2022,Winter Storm,21-Dec-22,26-Dec-22,9
Western WildfiresSpring-Fall 2022,Wildfire,01-Apr-22,30-Nov-22,3.3
Hurricane NicoleNovember 2022,Tropical Cyclone,10-Nov-22,11-Nov-22,1.1
Hurricane IanSeptember 2022,Tropical Cyclone,28-Sep-22,30-Sep-22,119.6
Hurricane FionaSeptember 2022,Tropical Cyclone,17-Sep-22,18-Sep-22,2.7
Kentucky and Missouri FloodingJuly 2022,Flooding,26-Jul-22,28-Jul-22,1.6
North Central and Eastern Severe WeatherJuly 2022,Severe Storm,22-Jul-22,24-Jul-22,1.4
Central DerechoJune 2022,Severe Storm,13-Jun-22,13-Jun-22,3.4
Central Severe WeatherJune 2022,Severe Storm,07-Jun-22,08-Jun-22,2
North Central Hail StormsMay 2022,Severe Storm,19-May-22,19-May-22,2.6
North Central Severe WeatherMay 2022,Severe Storm,11-May-22,12-May-22,2.9
North Central Hail StormsMay 2022,Severe Storm,09-May-22,09-May-22,2.4
Southern and Central Severe WeatherMay 2022,Severe Storm,01-May-22,03-May-22,1.2
Southern Severe WeatherApril 2022,Severe Storm,11-Apr-22,13-Apr-22,2.9
Southeast Tornado OutbreakApril 2022,Severe Storm,04-Apr-22,06-Apr-22,1.5
Southern Tornado OutbreakMarch 2022,Severe Storm,30-Mar-22,30-Mar-22,1.4
Texas Hail StormsFebruary 2022,Severe Storm,21-Feb-22,22-Feb-22,1.1
Western Wildfires2021,Wildfire,01-Jun-21,31-Dec-21,12.1
Western Drought and Heat Wave2021,Drought,01-Jan-21,31-Dec-21,10.2
Midwest Derecho and Tornado OutbreakDecember 2021,Severe Storm,15-Dec-21,15-Dec-21,2
"Southeast, Central Tornado OutbreakDecember 2021",Severe Storm,10-Dec-21,10-Dec-21,4.5
Hurricane NicholasSeptember 2021,Tropical Cyclone,14-Sep-21,18-Sep-21,1.2
Hurricane IdaAugust 2021,Tropical Cyclone,29-Aug-21,01-Sep-21,84.6
Tropical Storm FredAugust 2021,Tropical Cyclone,16-Aug-21,18-Aug-21,1.5
North Central Severe WeatherAugust 2021,Severe Storm,10-Aug-21,13-Aug-21,1.5
Central Severe StormsJuly 2021,Severe Storm,08-Jul-21,11-Jul-21,1.3
Tropical Storm ElsaJuly 2021,Tropical Cyclone,07-Jul-21,09-Jul-21,1.4
Central Severe StormsJune 2021,Severe Storm,24-Jun-21,26-Jun-21,1.5
Ohio Valley Hail StormsJune 2021,Severe Storm,17-Jun-21,18-Jun-21,2
Louisiana FloodingMay 2021,Flooding,17-May-21,18-May-21,1.6
Southern Tornadoes and Southeast Severe WeatherMay 2021,Severe Storm,02-May-21,04-May-21,1.5
Texas and Oklahoma Severe WeatherApril 2021,Severe Storm,27-Apr-21,28-Apr-21,3.7
Texas Hail StormsApril 2021,Severe Storm,12-Apr-21,15-Apr-21,1.8
Eastern Severe WeatherMarch 2021,Severe Storm,27-Mar-21,28-Mar-21,1.6
Southeast Tornadoes and Severe WeatherMarch 2021,Severe Storm,24-Mar-21,25-Mar-21,2
"Northwest, Central, Eastern Winter Storm and Cold WaveFebruary 2021",Winter Storm,10-Feb-21,19-Feb-21,27.2
California Flooding and Severe WeatherJanuary 2021,Flooding,24-Jan-21,29-Jan-21,1.3
"Western Wildfires - California, Oregon, Washington FirestormsFall 2020",Wildfire,01-Aug-20,30-Dec-20,19.9
Western/Central Drought and Heat WaveSummer-Fall 2020,Drought,01-Jun-20,30-Dec-20,5.4
Tropical Storm EtaNovember 2020,Tropical Cyclone,08-Nov-20,12-Nov-20,1.8
Hurricane ZetaOctober 2020,Tropical Cyclone,28-Oct-20,29-Oct-20,5.3
Hurricane DeltaOctober 2020,Tropical Cyclone,09-Oct-20,11-Oct-20,3.5
Hurricane SallySeptember 2020,Tropical Cyclone,15-Sep-20,17-Sep-20,8.8
Hurricane LauraAugust 2020,Tropical Cyclone,27-Aug-20,28-Aug-20,28.1
Central Severe Weather - DerechoAugust 2020,Severe Storm,10-Aug-20,10-Aug-20,13.5
Hurricane IsaiasAugust 2020,Tropical Cyclone,03-Aug-20,04-Aug-20,5.8
Hurricane HannaJuly 2020,Tropical Cyclone,25-Jul-20,26-Jul-20,1.3
Central Severe WeatherJuly 2020,Severe Storm,10-Jul-20,11-Jul-20,1.5
South Texas Hail StormsMay 2020,Severe Storm,27-May-20,27-May-20,1.7
"South, Central and Eastern Severe WeatherMay 2020",Severe Storm,20-May-20,23-May-20,1.9
Central and Eastern Severe WeatherMay 2020,Severe Storm,03-May-20,05-May-20,2.6
"Central, Southern and Eastern Severe WeatherApril 2020",Severe Storm,27-Apr-20,30-Apr-20,1.3
Southern Severe WeatherApril 2020,Severe Storm,21-Apr-20,23-Apr-20,1.7
Southeast and Eastern Tornado OutbreakApril 2020,Severe Storm,12-Apr-20,13-Apr-20,4.2
North Central and Ohio Valley Hail Storms and Severe WeatherApril 2020,Severe Storm,07-Apr-20,08-Apr-20,3.5
Midwest and Ohio Valley Severe WeatherMarch 2020,Severe Storm,27-Mar-20,28-Mar-20,3.1
Tennessee Tornadoes and Southeast Severe WeatherMarch 2020,Severe Storm,02-Mar-20,04-Mar-20,2.8
"South, East and Northeast Severe WeatherFebruary 2020",Severe Storm,05-Feb-20,07-Feb-20,1.5
Southeast Tornadoes and Northern Storms and FloodingJanuary 2020,Severe Storm,10-Jan-20,12-Jan-20,1.4
California and Alaska WildfiresSummer-Fall 2019,Wildfire,01-Jun-19,30-Nov-19,5.5
Texas Tornadoes and Central Severe WeatherOctober 2019,Severe Storm,20-Oct-19,20-Oct-19,2.1
Tropical Storm ImeldaSeptember 2019,Tropical Cyclone,17-Sep-19,21-Sep-19,6.2
Hurricane DorianSeptember 2019,Tropical Cyclone,28-Aug-19,06-Sep-19,2
"Mississippi River, Midwest and Southern FloodingJuly 2019",Flooding,15-Mar-19,31-Jul-19,7.6
Colorado Hail StormsJuly 2019,Severe Storm,04-Jul-19,05-Jul-19,1.2
Arkansas River FloodingJune 2019,Flooding,20-May-19,14-Jun-19,3.7
"Rockies, Central and Northeast Tornadoes and Severe WeatherMay 2019",Severe Storm,26-May-19,29-May-19,5.7
Central Severe WeatherMay 2019,Severe Storm,16-May-19,18-May-19,1.2
South and Southeast Severe WeatherMay 2019,Severe Storm,07-May-19,13-May-19,1.9
Southern and Eastern Tornadoes and Severe WeatherApril 2019,Severe Storm,13-Apr-19,14-Apr-19,1.6
Missouri River and North Central FloodingMarch 2019,Flooding,14-Mar-19,31-Mar-19,13.4
Texas Hail StormMarch 2019,Severe Storm,22-Mar-19,24-Mar-19,1.9
"Southeast, Ohio Valley and Northeast Severe WeatherFebruary 2019",Severe Storm,23-Feb-19,25-Feb-19,1.5
"Western Wildfires, California FirestormSummer-Fall 2018",Wildfire,01-Jun-18,31-Dec-18,30
Southwest/Southern Plains DroughtSummer-Fall 2018,Drought,01-Jun-18,30-Dec-18,3.8
Hurricane MichaelOctober 2018,Tropical Cyclone,10-Oct-18,11-Oct-18,31.2
Hurricane FlorenceSeptember 2018,Tropical Cyclone,13-Sep-18,16-Sep-18,30
Rockies and Plains Hail StormsAugust 2018,Severe Storm,06-Aug-18,07-Aug-18,1.3
Mountain West Severe WeatherJuly 2018,Severe Storm,26-Jul-18,29-Jul-18,1.1
Central and Eastern Tornadoes and Severe WeatherJuly 2018,Severe Storm,19-Jul-18,22-Jul-18,2
Colorado Hail StormJune 2018,Severe Storm,18-Jun-18,19-Jun-18,2.8
Colorado Hail StormJune 2018,Severe Storm,13-Jun-18,13-Jun-18,1.2
Texas Hail StormJune 2018,Severe Storm,06-Jun-18,06-Jun-18,1.6
Central and Eastern Severe WeatherMay 2018,Severe Storm,13-May-18,15-May-18,1.7
Central and Northeast Severe WeatherMay 2018,Severe Storm,01-May-18,04-May-18,1.8
Southern and Eastern Tornadoes and Severe WeatherApril 2018,Severe Storm,13-Apr-18,16-Apr-18,1.7
Southeastern Tornadoes and Severe WeatherMarch 2018,Severe Storm,18-Mar-18,21-Mar-18,1.8
Northeast Winter StormMarch 2018,Winter Storm,01-Mar-18,03-Mar-18,2.8
Central and Eastern Winter StormJanuary 2018,Winter Storm,03-Jan-18,05-Jan-18,1.3
"Western Wildfires, California FirestormSummer-Fall 2017",Wildfire,01-Jun-17,31-Dec-17,23.2
"North Dakota, South Dakota and Montana DroughtSpring-Fall 2017",Drought,01-Mar-17,31-Dec-17,3.3
Hurricane MariaSeptember 2017,Tropical Cyclone,19-Sep-17,21-Sep-17,115.2
Hurricane IrmaSeptember 2017,Tropical Cyclone,06-Sep-17,12-Sep-17,64
Hurricane HarveyAugust 2017,Tropical Cyclone,25-Aug-17,31-Aug-17,160
Midwest Severe WeatherJune 2017,Severe Storm,27-Jun-17,29-Jun-17,1.8
Midwest Severe WeatherJune 2017,Severe Storm,12-Jun-17,16-Jun-17,1.9
Minnesota Hail Storm and Upper Midwest Severe WeatherJune 2017,Severe Storm,09-Jun-17,11-Jun-17,3
North Central Severe Weather and TornadoesMay 2017,Severe Storm,15-May-17,18-May-17,1.2
Colorado Hail Storm and Central Severe WeatherMay 2017,Severe Storm,08-May-17,11-May-17,4.3
Missouri and Arkansas Flooding and Central Severe WeatherMay 2017,Flooding,25-Apr-17,07-May-17,2.2
South and Southeast Severe WeatherApril 2017,Severe Storm,20-Apr-17,22-Apr-17,1.2
Southeast Severe Weather and TornadoesApril 2017,Severe Storm,04-Apr-17,06-Apr-17,1.3
South/Southeast Severe WeatherMarch 2017,Severe Storm,26-Mar-17,28-Mar-17,3.5
Southeast FreezeMarch 2017,Freeze,14-Mar-17,16-Mar-17,1.3
Midwest Tornado OutbreakMarch 2017,Severe Storm,06-Mar-17,08-Mar-17,2.8
Central/Southeast Tornado OutbreakMarch 2017,Severe Storm,28-Feb-17,01-Mar-17,2.3
California FloodingFebruary 2017,Flooding,08-Feb-17,22-Feb-17,2
Southern Tornado Outbreak and Western StormsJanuary 2017,Severe Storm,20-Jan-17,22-Jan-17,1.4
Western/Southeast WildfiresSummer-Fall 2016,Wildfire,01-Jun-16,31-Dec-16,3.1
West/Northeast/Southeast Drought2016,Drought,01-Jan-16,31-Dec-16,4.6
Hurricane MatthewOctober 2016,Tropical Cyclone,08-Oct-16,12-Oct-16,13.1
Louisiana FloodingAugust 2016,Flooding,12-Aug-16,15-Aug-16,13.3
Rockies and Northeast Severe WeatherJuly 2016,Severe Storm,28-Jul-16,30-Jul-16,1.9
West Virginia Flooding and Ohio Valley TornadoesJune 2016,Flooding,22-Jun-16,24-Jun-16,1.3
Rockies/Central Tornadoes and Severe WeatherMay 2016,Severe Storm,21-May-16,26-May-16,1.5
Plains Tornadoes and Central Severe WeatherMay 2016,Severe Storm,08-May-16,11-May-16,2.3
South/Southeast TornadoesApril 2016,Severe Storm,26-Apr-16,02-May-16,3.2
Houston FloodingApril 2016,Flooding,17-Apr-16,18-Apr-16,3.6
North/Central Texas Hail StormApril 2016,Severe Storm,10-Apr-16,12-Apr-16,4.6
North Texas Hail StormMarch 2016,Severe Storm,23-Mar-16,24-Mar-16,2.7
Southern Severe WeatherMarch 2016,Severe Storm,17-Mar-16,18-Mar-16,1.6
Texas and Louisiana FloodingMarch 2016,Flooding,08-Mar-16,12-Mar-16,3.1
Southeast and Eastern TornadoesFebruary 2016,Severe Storm,22-Feb-16,24-Feb-16,1.4
Western Drought2015,Drought,01-Jan-15,31-Dec-15,6
Texas Tornadoes and Midwest FloodingDecember 2015,Severe Storm,26-Dec-15,29-Dec-15,2.6
Western and Alaskan WildfiresSummer-Fall 2015,Wildfire,01-Jun-15,30-Nov-15,4
South Carolina and East Coast FloodingOctober 2015,Flooding,01-Oct-15,05-Oct-15,2.7
Central and Northeast Severe WeatherJune 2015,Severe Storm,21-Jun-15,25-Jun-15,1.5
Texas and Oklahoma Flooding and Severe WeatherMay 2015,Flooding,23-May-15,26-May-15,3.4
Southern Plains TornadoesMay 2015,Severe Storm,06-May-15,10-May-15,1.7
South and Southeast Severe WeatherApril 2015,Severe Storm,24-Apr-15,25-Apr-15,1.3
South/Southeast Severe WeatherApril 2015,Severe Storm,18-Apr-15,20-Apr-15,1.7
Midwest/Ohio Valley Severe WeatherApril 2015,Severe Storm,07-Apr-15,09-Apr-15,2.1
"Central and Eastern Winter storm, Cold WaveFebruary 2015",Winter Storm,14-Feb-15,20-Feb-15,4
Western Drought2014,Drought,01-Jan-14,31-Dec-14,5.3
Rockies/Plains Severe WeatherSeptember 2014,Severe Storm,29-Sep-14,02-Oct-14,1.9
Michigan and Northeast FloodingAugust 2014,Flooding,11-Aug-14,13-Aug-14,1.4
Rockies/Central Plains Severe WeatherJune 2014,Severe Storm,03-Jun-14,05-Jun-14,2.5
Rockies/Midwest/Eastern Severe WeatherMay 2014,Severe Storm,18-May-14,23-May-14,4.9
Center Severe WeatherMay 2014,Severe Storm,10-May-14,14-May-14,1.1
Midwest/Southeast/Northeast Tornadoes and FloodingApril 2014,Severe Storm,27-Apr-14,01-May-14,2.3
Central Severe WeatherApril 2014,Severe Storm,12-Apr-14,13-Apr-14,1.2
Plains Severe WeatherApril 2014,Severe Storm,02-Apr-14,03-Apr-14,1.9
Midwest/Southeast/Northeast Winter StormJanuary 2014,Winter Storm,05-Jan-14,08-Jan-14,2.9
Western/Plains Drought/Heat WaveSpring-Fall 2013,Drought,01-Mar-13,30-Nov-13,14.3
Ohio Valley TornadoesNovember 2013,Severe Storm,17-Nov-13,17-Nov-13,1.5
Colorado FloodingSeptember 2013,Flooding,10-Sep-13,16-Sep-13,2
Midwest Severe WeatherAugust 2013,Severe Storm,06-Aug-13,07-Aug-13,1.4
Midwest/Plains/Northeast TornadoesMay 2013,Severe Storm,27-May-13,31-May-13,2.4
Midwest/Plains/East TornadoesMay 2013,Severe Storm,18-May-13,22-May-13,3.2
Illinois Flooding and Severe WeatherApril 2013,Flooding,16-Apr-13,19-Apr-13,1.5
Midwest/Plains Severe WeatherApril 2013,Severe Storm,07-Apr-13,11-Apr-13,2
Southeast Severe WeatherMarch 2013,Severe Storm,18-Mar-13,18-Mar-13,2.7
Southern Severe WeatherFebruary 2013,Severe Storm,24-Feb-13,25-Feb-13,1.3
U.S. Drought/Heat Wave2012,Drought,01-Jan-12,31-Dec-12,41.7
Western WildfiresSummer-Fall 2012,Wildfire,01-Jun-12,30-Nov-12,2.4
Hurricane SandyOctober 2012,Tropical Cyclone,30-Oct-12,31-Oct-12,88.5
Hurricane IsaacAugust 2012,Tropical Cyclone,26-Aug-12,31-Aug-12,3.8
Plains/East/Northeast DerechoJune-July 2012,Severe Storm,29-Jun-12,02-Jul-12,4
Rockies/Southwest Severe WeatherJune 2012,Severe Storm,06-Jun-12,12-Jun-12,3.6
Southern Plains/Midwest/Northeast Severe WeatherMay 2012,Severe Storm,25-May-12,30-May-12,3.2
Midwest/Ohio Valley Severe WeatherApril-May 2012,Severe Storm,28-Apr-12,01-May-12,4.5
Midwest TornadoesApril 2012,Severe Storm,13-Apr-12,14-Apr-12,1.5
Texas TornadoesApril 2012,Severe Storm,02-Apr-12,03-Apr-12,1.4
Southeast/Ohio Valley TornadoesMarch 2012,Severe Storm,02-Mar-12,03-Mar-12,4.3
"Texas, New Mexico, Arizona WildfiresSummer-Fall 2011",Wildfire,01-Jun-11,30-Nov-11,2.5
Northeastern Winter StormOctober 2011,Winter Storm,29-Oct-11,30-Oct-11,1.3
Tropical Storm LeeSeptember 2011,Tropical Cyclone,01-Sep-11,05-Sep-11,3.5
Southern Plains/Southwest Drought and Heat WaveSpring-Summer 2011,Drought,01-Mar-11,31-Aug-11,17.1
Hurricane IreneAugust 2011,Tropical Cyclone,26-Aug-11,28-Aug-11,18.8
"Midwest/Southeast Severe WeatherAugust 17-18, 2011",Severe Storm,17-Aug-11,18-Aug-11,1.6
"Rockies and Midwest DerechoJuly 10-11, 2011",Severe Storm,10-Jul-11,11-Jul-11,1.7
"North Central Severe WeatherJuly 1, 2011",Severe Storm,01-Jul-11,01-Jul-11,1.2
Missouri River floodingMay-June 2011,Flooding,01-May-11,30-Jun-11,2.9
Midwest/Southeast Tornadoes and Severe WeatherJune 2011,Severe Storm,18-Jun-11,22-Jun-11,2.2
Mississippi River floodingApril-May 2011,Flooding,01-Apr-11,31-May-11,4.3
Midwest/Southeast TornadoesMay 2011,Severe Storm,22-May-11,27-May-11,12.7
Southeast/Ohio Valley/Midwest TornadoesApril 2011,Severe Storm,25-Apr-11,28-Apr-11,14.3
Ohio Valley Derecho and Southern TornadoesApril 2011,Severe Storm,19-Apr-11,20-Apr-11,1.5
Midwest/Southeast TornadoesApril 2011,Severe Storm,14-Apr-11,16-Apr-11,2.9
Southeast/Midwest TornadoesApril 2011,Severe Storm,08-Apr-11,11-Apr-11,3.1
Midwest/Southeast Tornadoes and DerechoApril 2011,Severe Storm,04-Apr-11,05-Apr-11,3.9
Groundhog Day BlizzardFebruary 2011,Winter Storm,01-Feb-11,03-Feb-11,2.6
Arizona Severe WeatherOctober 2010,Severe Storm,05-Oct-10,06-Oct-10,5.5
Midwest/Northeast Severe Storms and FloodingJuly 2010,Severe Storm,20-Jul-10,23-Jul-10,1.4
Rockies/Central/East Severe WeatherJune 2010,Severe Storm,10-Jun-10,15-Jun-10,1.3
"Oklahoma, Kansas, and Texas Tornadoes and Severe WeatherMay 2010",Severe Storm,10-May-10,12-May-10,4.8
East/South Flooding and Severe WeatherMay 2010,Flooding,30-Apr-10,02-May-10,3.3
Northeast FloodingMarch 2010,Flooding,01-Mar-10,31-Mar-10,2.7
Northeast Winter StormFebruary 2010,Winter Storm,09-Feb-10,11-Feb-10,1.2
Southwest/Great Plains Drought2009,Drought,01-Jan-09,31-Dec-09,5.2
Western WildfiresSummer-Fall 2009,Wildfire,01-Jun-09,30-Nov-09,1.5
Georgia FloodingSeptember 2009,Flooding,19-Sep-09,22-Sep-09,1.3
Colorado Hail StormJuly 2009,Severe Storm,20-Jul-09,20-Jul-09,1.5
"Midwest, South and East Severe WeatherJune 2009",Severe Storm,09-Jun-09,12-Jun-09,1.9
Central Derecho and TornadoesMay 2009,Severe Storm,07-May-09,09-May-09,1.3
South/Southeast Severe Weather and TornadoesApril 2009,Severe Storm,09-Apr-09,10-Apr-09,2.1
Midwest/Southeast TornadoesMarch 2009,Severe Storm,25-Mar-09,28-Mar-09,2.4
Southeast/Ohio Valley Severe WeatherFebruary 2009,Severe Storm,10-Feb-09,11-Feb-09,2.6
U.S. Drought2008,Drought,01-Jan-08,31-Dec-08,10.5
U.S. WildfiresFall 2008,Wildfire,01-Sep-08,30-Nov-08,1.8
Hurricane IkeSeptember 2008,Tropical Cyclone,12-Sep-08,14-Sep-08,43.2
Hurricane GustavSeptember 2008,Tropical Cyclone,31-Aug-08,03-Sep-08,8.6
Hurricane DollyJuly 2008,Tropical Cyclone,23-Jul-08,25-Jul-08,1.8
Midwest FloodingSummer 2008,Flooding,01-Apr-08,30-Jun-08,14.9
Midwest/Mid-Atlantic Severe WeatherJune 2008,Severe Storm,06-Jun-08,12-Jun-08,2.4
Midwest Tornadoes and Severe WeatherMay 2008,Severe Storm,22-May-08,27-May-08,4.4
Southern Severe WeatherApril 2008,Severe Storm,09-Apr-08,11-Apr-08,1.5
Southeast TornadoesMarch 2008,Severe Storm,14-Mar-08,15-Mar-08,1.7
Southeast Tornadoes and Severe WeatherFebruary 2008,Severe Storm,05-Feb-08,06-Feb-08,1.8
"Western, Central and Northeast Severe WeatherJanuary 2008",Severe Storm,04-Jan-08,09-Jan-08,1.5
Western/Eastern Drought/Heat WaveSummer-Fall 2007,Drought,01-Jun-07,30-Nov-07,5.5
Western WildfiresSummer 2007,Wildfire,01-Jun-07,31-Aug-07,4.1
East/South Severe Weather and FloodingApril 2007,Severe Storm,13-Apr-07,17-Apr-07,3.8
Spring FreezeApril 2007,Freeze,04-Apr-07,10-Apr-07,3.2
California FreezeJanuary 2007,Freeze,11-Jan-07,17-Jan-07,2.2
Numerous Wildfires2006,Wildfire,01-Jan-06,31-Dec-06,2.3
Central Severe WeatherOctober 2006,Severe Storm,02-Oct-06,05-Oct-06,1.4
Midwest/Plains/Southeast DroughtSpring-Summer 2006,Drought,01-Mar-06,31-Aug-06,9.5
North Central Severe Weather and TornadoesAugust 2006,Severe Storm,23-Aug-06,24-Aug-06,1.2
Northeast FloodingJune 2006,Flooding,25-Jun-06,28-Jun-06,2.4
Midwest TornadoesApril 2006,Severe Storm,13-Apr-06,16-Apr-06,3.8
"Midwest/Southeast TornadoesApril 6-8, 2006",Severe Storm,06-Apr-06,08-Apr-06,2.5
Severe Storms and TornadoesMarch 2006,Severe Storm,08-Mar-06,13-Mar-06,2.1
Hurricane WilmaOctober 2005,Tropical Cyclone,24-Oct-05,24-Oct-05,30
Hurricane RitaSeptember 2005,Tropical Cyclone,20-Sep-05,24-Sep-05,29.4
Midwest DroughtSpring-Summer 2005,Drought,01-Mar-05,31-Aug-05,2.4
Hurricane KatrinaAugust 2005,Tropical Cyclone,25-Aug-05,30-Aug-05,201.3
Hurricane DennisJuly 2005,Tropical Cyclone,09-Jul-05,11-Jul-05,4
Southeast Severe WeatherMarch 2005,Severe Storm,24-Mar-05,27-Mar-05,1.4
Hurricane JeanneSeptember 2004,Tropical Cyclone,15-Sep-04,29-Sep-04,12.4
Hurricane IvanSeptember 2004,Tropical Cyclone,12-Sep-04,21-Sep-04,34
Hurricane FrancesSeptember 2004,Tropical Cyclone,03-Sep-04,09-Sep-04,16.3
Hurricane CharleyAugust 2004,Tropical Cyclone,13-Aug-04,14-Aug-04,26.7
Colorado Hail StormsJune 2004,Severe Storm,08-Jun-04,09-Jun-04,1.2
"Severe Storms, Hail, TornadoesMay 2004",Severe Storm,21-May-04,27-May-04,1.7
California WildfiresFall 2003,Wildfire,01-Sep-03,30-Nov-03,6.6
Western/Central Drought/Heat WaveSpring-Fall 2003,Drought,01-Mar-03,30-Nov-03,8.7
Hurricane IsabelSeptember 2003,Tropical Cyclone,18-Sep-03,19-Sep-03,9.3
Southern Derecho and Eastern Severe WeatherJuly 2003,Severe Storm,21-Jul-03,23-Jul-03,1.7
Midwest/Plains Severe WeatherJuly 2003,Severe Storm,04-Jul-03,09-Jul-03,1.5
Severe Storms/TornadoesMay 2003,Severe Storm,03-May-03,10-May-03,7.1
Severe Storms/HailApril 2003,Severe Storm,04-Apr-03,07-Apr-03,3.5
Western Fire SeasonFall 2002,Wildfire,01-Sep-02,30-Nov-02,2.3
U.S. DroughtSpring-Fall 2002,Drought,01-Mar-02,30-Nov-02,16
Eastern Tornadoes and Severe StormsNovember 2002,Severe Storm,09-Nov-02,11-Nov-02,1.3
Tropical Storm IsidoreSeptember 2002,Tropical Cyclone,25-Sep-02,27-Sep-02,2
Hurricane LiliOctober 2002,Tropical Cyclone,01-Aug-02,05-Aug-02,1.9
Severe Storms and TornadoesApril 2002,Severe Storm,27-Apr-02,28-Apr-02,3.7
Tropical Storm AllisonJune 2001,Tropical Cyclone,05-Jun-01,17-Jun-01,15.1
North Central Severe WeatherMay 2001,Severe Storm,30-Apr-01,01-May-01,1.2
Midwest/Ohio Valley Hail and TornadoesApril 2001,Severe Storm,06-Apr-01,11-Apr-01,5.5
Western/Central/Southeast Drought/Heat WaveSpring-Fall 2000,Drought,01-Mar-00,30-Nov-00,9.3
South Florida FloodingOctober 2000,Flooding,03-Oct-00,04-Oct-00,1.6
Western Fire SeasonSpring-Summer 2000,Wildfire,01-Mar-00,31-Aug-00,2
Southern Severe WeatherMarch 2000,Severe Storm,28-Mar-00,29-Mar-00,1.3
Southeast Winter StormJanuary 2000,Winter Storm,21-Jan-00,24-Jan-00,1.3
Hurricane FloydSeptember 1999,Tropical Cyclone,14-Sep-99,16-Sep-99,12.2
Eastern Drought/Heat WaveSummer 1999,Drought,01-Jun-99,31-Aug-99,4.8
Oklahoma and Kansas TornadoesMay 1999,Severe Storm,03-May-99,06-May-99,3.8
Central and Eastern Winter StormMid-January 1999,Winter Storm,13-Jan-99,16-Jan-99,1.7
Central and Eastern Winter StormJanuary 1999,Winter Storm,01-Jan-99,04-Jan-99,2
California FreezeDecember 1998,Freeze,20-Dec-98,28-Dec-98,4.9
Texas FloodingOctober 1998,Flooding,16-Oct-98,24-Oct-98,1.8
Hurricane GeorgesSeptember 1998,Tropical Cyclone,20-Sep-98,29-Sep-98,11.6
Southern Drought and Heat WaveSummer 1998,Drought,01-Jun-98,31-Aug-98,6.9
Hurricane BonnieAugust 1998,Tropical Cyclone,27-Aug-98,29-Aug-98,1.9
Tropical Storm FrancesSeptember 1998,Tropical Cyclone,08-Aug-98,13-Aug-98,1.4
Central and Eastern Severe Storms and FloodingJune 1998,Severe Storm,20-Jun-98,24-Jun-98,1.7
"Northern Plains and Great Lakes Derecho, TornadoesJune 1998",Severe Storm,30-May-98,02-Jun-98,2.2
Minnesota Severe Storms/HailMay 1998,Severe Storm,15-May-98,15-May-98,3.2
Western/Eastern Severe Weather and FloodingWinter-Spring 1998,Severe Storm,01-Dec-97,28-Feb-98,2
Northeast Ice StormJanuary 1998,Winter Storm,05-Jan-98,09-Jan-98,2.7
Northern Plains FloodingSpring 1997,Flooding,03-Feb-97,24-May-97,7.3
Mississippi and Ohio Valley Severe Weather and FloodingMarch 1997,Severe Storm,28-Feb-97,05-Mar-97,1.9
West Coast FloodingDecember 1996-January 1997,Flooding,01-Jan-97,11-Jan-97,6
New England FloodingOctober 1996,Flooding,19-Oct-96,22-Oct-96,1.4
Hurricane FranSeptember 1996,Tropical Cyclone,05-Sep-96,08-Sep-96,10
Southern Plains DroughtSpring-Summer 1996,Drought,01-Mar-96,31-Aug-96,3.7
Pacific Northwest Severe FloodingFebruary 1996,Flooding,07-Feb-96,12-Feb-96,2.1
Blizzard/FloodsJanuary 1996,Winter Storm,01-Jan-96,31-Jan-96,6.1
Hurricane OpalOctober 1995,Tropical Cyclone,04-Oct-95,06-Oct-95,9.6
"Central, Southern and Northeast Drought/Heat WaveSeptember 1995",Drought,01-Jul-95,30-Sep-95,2
Hurricane MarilynSeptember 1995,Tropical Cyclone,15-Sep-95,17-Sep-95,4.3
Hurricane ErinAugust 1995,Tropical Cyclone,01-Aug-95,07-Aug-95,1.8
South Plains Severe WeatherMay 1995,Severe Storm,05-May-95,07-May-95,11.4
Texas Hail StormApril 1995,Severe Storm,28-Apr-95,28-Apr-95,1.2
California FloodingJanuary-March 1995,Flooding,01-Jan-95,31-Mar-95,5.3
Western Fire SeasonSummer-Fall 1994,Wildfire,01-Jun-94,30-Nov-94,1.5
Texas FloodingOctober 1994,Flooding,16-Oct-94,25-Oct-94,2.1
Tropical Storm AlbertoJuly 1994,Tropical Cyclone,07-Jul-94,10-Jul-94,2.1
Midwest/Plains TornadoesApril 1994,Severe Storm,25-Apr-94,27-Apr-94,2.1
Southeast Ice StormFebruary 1994,Winter Storm,08-Feb-94,13-Feb-94,6.4
"Winter Storm, Cold WaveJanuary 1994",Winter Storm,17-Jan-94,20-Jan-94,2.2
California WildfiresFall 1993,Wildfire,01-Sep-93,30-Nov-93,3
Southeast Drought and Heat WaveSummer 1993,Drought,01-Jun-93,31-Aug-93,2.8
Midwest FloodingSummer 1993,Flooding,27-Jun-93,15-Aug-93,46.3
Northern Plains and Ohio Valley Severe WeatherJuly 1993,Severe Storm,08-Jul-93,10-Jul-93,1.4
East Coast Blizzard and Severe WeatherMarch 1993,Winter Storm,11-Mar-93,14-Mar-93,12.2
Northeast Winter StormDecember 1992,Winter Storm,10-Dec-92,13-Dec-92,5.5
Southeast Severe WeatherNovember 1992,Severe Storm,21-Nov-92,23-Nov-92,1.5
Hurricane InikiSeptember 1992,Tropical Cyclone,11-Sep-92,12-Sep-92,6.9
Hurricane AndrewAugust 1992,Tropical Cyclone,23-Aug-92,27-Aug-92,60.5
"Severe Storms, HailJune 1992",Severe Storm,19-Jun-92,20-Jun-92,1.7
"Hail, TornadoesApril 1992",Severe Storm,28-Apr-92,29-Apr-92,2.2
Severe StormsMarch 1992,Severe Storm,24-Mar-92,25-Mar-92,1.8
Oakland FirestormOctober 1991,Wildfire,01-Oct-91,31-Oct-91,7.6
U.S. DroughtSpring-Summer 1991,Drought,01-Mar-91,31-Aug-91,7
Hurricane BobAugust 1991,Tropical Cyclone,18-Aug-91,20-Aug-91,3.5
"Severe Storms, TornadoesMarch 1991",Severe Storm,26-Mar-91,29-Mar-91,1.5
California FreezeDecember 1990,Freeze,18-Dec-90,25-Dec-90,8.4
Western Fire SeasonSummer 1990,Wildfire,01-Jun-90,31-Aug-90,1.7
Colorado Hail StormJuly 1990,Severe Storm,11-Jul-90,11-Jul-90,2
Southern FloodingMay 1990,Flooding,11-May-90,19-May-90,2.5
"Winter Storm, Cold WaveDecember 1989",Winter Storm,21-Dec-89,26-Dec-89,1.7
Florida FreezeDecember 1989,Freeze,23-Dec-89,25-Dec-89,5.2
Northern Plains DroughtSummer-Fall 1989,Drought,01-Jun-89,30-Nov-89,7.8
Hurricane HugoSeptember 1989,Tropical Cyclone,21-Sep-89,22-Sep-89,22.7
Tropical Storm AllisonJune 1989,Tropical Cyclone,26-Jun-89,28-Jun-89,1.5
Southern Derecho and Severe StormsMay 1989,Severe Storm,01-May-89,06-May-89,1.4
,,,,
average,,,,7.283510638
maximum,,,,201.3
minimum,,,,1.1
,,,,1.1